song,artist,type,guitar_1st,guitar_2nd,genre,unplugged,technique,energy,mastery,Context,PRO
Addison's Walk*,Phil Keaggy,acoustic,gentle,baritone,instrumental,yes,fingerstyle,3,42,general,unknown
Annie's Song,John Denver,loop w FX,strum,gentle,classic hits,yes,fingerstyle,4,28,general,ASCAP
As Warm As Tears*,Phil Keaggy,acoustic,baritone,gentle,instrumental,yes,fingerstyle,1,50,general,unknown
Beginnings,Chicago,acoustic,strum,gentle,classic hits,yes,strum,7,50,general,unknown
Behind Blue Eyes,The Who,loop w FX,strum,gentle,classic hits,yes,strum,5,15,general,BMI
Beyond Justice to Mercy,Susan Ashton,acoustic,gentle,gentle,christian,yes,fingerstyle,4,30,general,unknown
Birthday,Beatles,acoustic,baritone,variax,classic hits,yes,strum,10,28,general,unknown
Blackbird,Beatles,acoustic,gentle,gentle,classic hits,yes,fingerstyle,4,50,general,unknown
Brandy,Looking Glass,loop w FX,variax,variax,classic hits,no,strum,8,30,general,unknown
Came The Light,Will Spicher,backtrack,gentle,gentle,original,no,fingerstyle,4,28,general,unknown
Candace' Song,Will Spicher,backtrack,gentle,gentle,original,no,fingerstyle,4,28,general,unknown
Cats In The Cradle,Harry Chapin,acoustic,gentle,gentle,classic hits,yes,fingerstyle,3,28,general,unknown
Cheering You On,Will Spicher,loop w FX,gentle,strum,original,no,both,7,28,general,unknown
Christmas Time Is Here,Vince Guaraldi,acoustic,baritone,gentle,instrumental,yes,fingerstyle,1,30,Christmas,unknown
Classical Gas*,Mason Williams,acoustic,baritone,gentle,instrumental,yes,fingerstyle,4,28,general,unknown
Crazy Little Thing Called Love,Queen,loop w FX,strum,gentle,classic hits,no,strum,8,30,general,unknown
Del's Bells*,Phil Keaggy,acoustic,gentle,baritone,instrumental,yes,fingerstyle,3,28,general,unknown
Do You Hear What I Hear,Christmas,acoustic,strum,gentle,Christmas,yes,strum,5,50,Christmas,unknown
Doctor My Eyes,Jackson Browne,loop w FX,strum,gentle,classic hits,yes,strum,7,35,general,unknown
Don't You Forget About Me,Simple Minds,loop w FX,strum,gentle,classic hits,no,strum,9,7,general,unknown
Dust In The Wind,Kansas,acoustic,baritone,variax,classic hits,yes,fingerstyle,5,30,general,unknown
Eight Days A Week,Beatles,acoustic,strum,gentle,classic hits,yes,strum,9,50,general,unknown
Emmaus*,Jay Leach,acoustic,baritone,gentle,instrumental,yes,fingerstyle,3,42,general,unknown
Even The Losers,Tom Petty,acoustic,strum,gentle,classic hits,yes,strum,9,42,general,unknown
Everybody Wants to Rule the World,Tears for Fears,loop w FX,strum,gentle,classic hits,yes,strum,7,35,general,unknown
Everything I Own,Bread,acoustic,strum,gentle,classic hits,yes,strum,5,60,general,unknown
Fare Thee Well*,Phil Keaggy,acoustic,gentle,baritone,instrumental,yes,fingerstyle,3,35,general,unknown
Fire And Rain,James Taylor,acoustic,gentle,gentle,classic hits,yes,fingerstyle,3,28,general,unknown
Fire Vamp*,Will Spicher,backtrack,T5,T5,instrumental,no,pick,7,28,general,unknown
Friends in Low Places,Garth Brooks,acoustic,baritone,variax,classic hits,yes,fingerstyle,5,28,general,unknown
Give A Little Bit,Supertramp,backtrack,variax,twelve,classic hits,no,strum,8,42,general,unknown
Hark the Herald Angels Sing,Christmas,acoustic,strum,gentle,Christmas,yes,strum,5,50,Christmas,unknown
Heart of Worship ,Matt Redman,acoustic,strum,gentle,christian,yes,strum,3,50,Christian,unknown
Here Comes The Sun,Beatles,loop w FX,strum,gentle,classic hits,no,strum,8,28,general,unknown
"Here, There and Everywhere",Beatles,acoustic,variax,gentle,classic hits,yes,fingerstyle,3,50,general,unknown
Hide Your Love Away,Beatles,acoustic,strum,gentle,classic hits,yes,strum,6,50,general,unknown
Hush,Deep Purple,acoustic,gentle,strum,classic hits,no,strum,10,7,general,unknown
I Can See Clearly Now,Johnny Nash,acoustic,strum,gentle,classic hits,yes,strum,8,50,general,unknown
If I Needed Someone,Beatles,loop w FX,strum,gentle,classic hits,no,strum,7,35,general,unknown
If You Could Read My Mind,Gordon Lightfoot,acoustic,gentle,gentle,classic hits,yes,fingerstyle,3,28,general,unknown
I'll Have To Say I Love You In A Song,Jim Croce,acoustic,gentle,gentle,classic hits,yes,fingerstyle,3,28,general,unknown
In The Light of Common Day,Phil Keaggy,acoustic,gentle,strum,instrumental,yes,fingerstyle,3,14,general,unknown
In Your Peace / I Love You Lord*,Phil Keaggy,acoustic,baritone,gentle,instrumental,yes,fingerstyle,1,42,general,unknown
Infinite Horizon / County Down*,Phil Keaggy,acoustic,gentle,baritone,instrumental,yes,fingerstyle,3,35,general,unknown
It Don't Come Easy,Ringo Starr,loop w FX,variax,variax,classic hits,no,strum,8,28,general,unknown
I've Got A Name,Jim Croce,loop w FX,gentle,strum,classic hits,yes,both,6,28,general,unknown
I've Just Seen A Face,Beatles,loop w FX,variax,twelve,classic hits,yes,strum,8,42,general,unknown
Julia,Beatles,acoustic,gentle,gentle,classic hits,yes,fingerstyle,3,28,general,unknown
Kashmir,Led Zeppelin,loop w FX,variax,variax,classic hits,no,strum,10,28,general,unknown
Leading You Home,Will Spicher,acoustic,gentle,twelve,original,yes,both,4,20,general,unknown
Linus And Lucy,Vince Guaraldi,acoustic,baritone,gentle,instrumental,no,fingerstyle,4,28,general,unknown
Listen to the Music,Dooby Brothers,acoustic,strum,gentle,classic hits,yes,strum,9,28,general,unknown
Love Lies Bleeding,Elton John,loop w FX,variax,variax,classic hits,no,strum,9,42,general,unknown
Love The One You're With,crosby stills and nash,acoustic,strum,gentle,classic hits,yes,strum,8,35,general,unknown
Mary Did You Know,Michael English,acoustic,baritone,variax,Christmas,no,fingerstyle,6,14,Christmas,unknown
Maybe I'm Amazed,Paul McCartney,loop w FX,variax,variax,classic hits,no,strum,8,35,general,unknown
Metamorphosis*,Phil Keaggy,acoustic,gentle,baritone,instrumental,yes,fingerstyle,3,28,general,unknown
Misunderstanding,Genesis,acoustic,strum,gentle,classic hits,yes,strum,5,28,general,unknown
Mood For A Day*,Yes,acoustic,gentle,baritone,instrumental,yes,fingerstyle,3,28,general,unknown
More Today Than Yesterday,Spiral Starecase,acoustic,strum,gentle,classic hits,yes,strum,7,50,general,unknown
Morning Snow*,Phil Keaggy,acoustic,gentle,baritone,instrumental,no,fingerstyle,1,28,general,unknown
Nothing But The Call*,Will Spicher,acoustic,baritone,gentle,instrumental,yes,fingerstyle,4,42,general,unknown
Oh come all ye faithful,Christmas,acoustic,strum,gentle,Christmas,yes,strum,5,50,Christmas,unknown
Oh Darling,Beatles,acoustic,baritone,variax,classic hits,yes,strum,7,42,general,unknown
Oh Holy Night,Christmas,acoustic,strum,gentle,Christmas,yes,strum,5,60,Christmas,unknown
Old Man,Neil Young,acoustic,baritone,variax,classic hits,yes,both,8,14,general,unknown
Operator,Jim Croce,acoustic,gentle,gentle,classic hits,yes,fingerstyle,4,50,general,unknown
Pinball Wizard,The Who,loop w FX,strum,strum,classic hits,yes,strum,9,35,general,unknown
Rain & Wind,Will Spicher,backtrack,T5,T5,original,no,pick,9,14,general,unknown
Rickover's Dream*,Michael Hedges,acoustic,gentle,gentle,instrumental,yes,fingerstyle,3,60,general,unknown
Rikki Don't Lose That Number,Steely Dan,acoustic,gentle,strum,classic hits,yes,fingerstyle,6,7,general,unknown
Sailing,Christopher Cross,acoustic,gentle,gentle,classic hits,yes,fingerstyle,3,28,general,unknown
Searchin' So Long,Chicago,loop w FX,strum,gentle,classic hits,no,both,7,42,general,unknown
Seeking Rivendell - Acoustic,Will Spicher,acoustic,twelve,strum,original,yes,strum,6,28,general,unknown
Seeking Rivendell - Electric,Will Spicher,backtrack,T5,T5,original,no,pick,8,28,general,unknown
Shilo ,Neil Diamond,acoustic,strum,gentle,classic hits,yes,strum,6,28,general,unknown
Show Me The Way,Peter Frampton,loop w FX,variax,variax,classic hits,no,strum,9,35,general,unknown
Silent Night,Christmas,acoustic,baritone,variax,Christmas,yes,fingerstyle,1,42,Christmas,unknown
Sister Golden Hair,America,acoustic,twelve,strum,classic hits,yes,strum,7,50,general,unknown
Solitary Man,Neil Diamond,acoustic,strum,gentle,classic hits,yes,strum,6,50,general,unknown
Something,Beatles,loop w FX,variax,variax,classic hits,no,strum,5,50,general,unknown
Still The One,Orleans,loop w FX,variax,variax,classic hits,no,strum,10,20,general,unknown
The Eyes of a Child,Will Spicher,backtrack,gentle,gentle,original,no,fingerstyle,4,42,general,unknown
The Mission*,Phil Keaggy,acoustic,baritone,gentle,instrumental,yes,fingerstyle,3,28,general,unknown
The Power Of Love,Huey Lewis,loop w FX,strum,gentle,classic hits,yes,strum,8,28,general,unknown
The Reunion*,Phil Keaggy,acoustic,gentle,gentle,instrumental,yes,fingerstyle,4,28,general,unknown
The Ride*,Will Spicher,backtrack,T5,T5,instrumental,no,pick,9,28,general,unknown
The Treasure,Frank Castanette,acoustic,gentle,gentle,christian,yes,fingerstyle,4,60,Christian,unknown
The Wind & The Wheat*,Phil Keaggy,loop w FX,variax,baritone,instrumental,yes,fingerstyle,2,28,general,unknown
There She Goes,The La's,loop w FX,strum,gentle,classic hits,yes,strum,7,35,general,unknown
Those Who Wait*,Tommy Emmanuel,acoustic,baritone,gentle,instrumental,yes,fingerstyle,3,28,general,unknown
Time After Time,Cindi Lauper,acoustic,gentle,gentle,classic hits,yes,fingerstyle,4,28,general,unknown
Time In A Bottle,Jim Croce,acoustic,gentle,gentle,classic hits,yes,fingerstyle,3,35,general,unknown
Tuesday Afternoon,Moody Blues,acoustic,gentle,gentle,classic hits,yes,strum,5,28,general,unknown
Twelve Days Of Christmas,Christmas,acoustic,strum,gentle,Christmas,yes,strum,7,60,Christmas,unknown
Two Of Us,Beatles,acoustic,strum,gentle,classic hits,yes,strum,6,28,general,unknown
Under The Sun*,Will Spicher,acoustic,baritone,gentle,instrumental,yes,fingerstyle,3,35,general,unknown
Ventura Highway,America,acoustic,strum,gentle,classic hits,yes,strum,7,7,general,unknown
What I Like About You,Romantics,loop w FX,strum,gentle,classic hits,no,strum,10,28,general,unknown
When My Love Awakened,Will Spicher,acoustic,strum,gentle,original,yes,strum,7,50,general,unknown
When Night Falls*,Phil Keaggy,acoustic,baritone,gentle,instrumental,yes,fingerstyle,1,35,general,unknown
White Christmas*,Blaine Vanderschuit,acoustic,baritone,gentle,instrumental,yes,fingerstyle,1,42,Christmas,unknown
Wild World,Cat Stevens,acoustic,strum,gentle,classic hits,yes,strum,6,50,general,unknown
Yesterday,Beatles,acoustic,baritone,variax,classic hits,yes,fingerstyle,3,50,general,unknown
You've Got A Friend,James Taylor,acoustic,gentle,gentle,classic hits,yes,fingerstyle,3,28,general,unknown
